{"cameraMode":{"drawMode":0,"name":"Shaded","section":"Shading Mode"},"sceneLighting":true,"audioPlay":false,"sceneViewState":{"showFog":true,"showMaterialUpdate":false,"showSkybox":true,"showFlares":true,"showImageEffects":true,"showParticleSystems":true},"in2DMode":false,"pivot":{"x":-1.936568021774292,"y":20.7354736328125,"z":-12.423566818237305},"rotation":{"x":0.003761163679882884,"y":0.9939644932746887,"z":-0.036106403917074206,"w":0.10354653000831604},"size":37.396846771240237,"orthographic":false}