{"cameraMode":{"drawMode":0,"name":"Shaded","section":"Shading Mode"},"sceneLighting":false,"audioPlay":false,"sceneViewState":{"showFog":true,"showMaterialUpdate":false,"showSkybox":false,"showFlares":true,"showImageEffects":true,"showParticleSystems":true},"in2DMode":false,"pivot":{"x":-10.886622428894043,"y":18.049240112304689,"z":-12.855588912963868},"rotation":{"x":0.003761163679882884,"y":0.9939644932746887,"z":-0.036106403917074206,"w":0.10354653000831604},"size":34.67524719238281,"orthographic":false}